Workbook

Sheet Fuente_mx
A1: Fuente de tasas específicas de mortalidad — Serie 08
A2: Archivo fuente | B2: mortality_rates_series_08.csv
A3: Hoja | B3: Tasas Específicas de Mortalidad
A4: Serie / columna | B4: 8 / mx
A5: Estudiante | B5: Raúl Antonio Ruano Katz
A6: Edad | B6: Edad numérica | C6: mx | D6: Celda de origen
A7: 0 | B7: 0 | C7: 0.02637338 | D7: mx5
A8: 1 | B8: 1 | C8: 0.00188616 | D8: mx6
A9: 2 | B9: 2 | C9: 0.00096917 | D9: mx7
A10: 3 | B10: 3 | C10: 0.00067282 | D10: mx8
A11: 4 | B11: 4 | C11: 0.00053941 | D11: mx9
A12: 5 | B12: 5 | C12: 0.00047145 | D12: mx10
A13: 6 | B13: 6 | C13: 0.00043629 | D13: mx11
A14: 7 | B14: 7 | C14: 0.00042028 | D14: mx12
A15: 8 | B15: 8 | C15: 0.00041746 | D15: mx13
A16: 9 | B16: 9 | C16: 0.00042593 | D16: mx14
A17: 10 | B17: 10 | C17: 0.00044654 | D17: mx15
A18: 11 | B18: 11 | C18: 0.00048185 | D18: mx16
... A116: 109 y+ | B116: 109 | C116: 0.8976119 | D116: mx114

Sheet Tabla_Mortalidad
A1: Tabla completa de mortalidad — Serie 08
A2: Estudiante | B2: Raúl Antonio Ruano Katz
A3: Supuestos | B3: UDD; ax=0.5; radix l0=100,000; q(109+)=1; sin redondeo intermedio.
A5: Edad | B5: mx | C5: qx | D5: px | E5: lx | F5: dx | G5: Lx | H5: Tx | I5: ex | K5: Función | L5: Definición aplicada
A6: 0 | B6: =Fuente_mx!C7 -> 0.02637338 | C6: =2*B6/(2+B6) -> 0.026030129 | D6: =1-C6 -> 0.97396987 | E6: =100000 -> 100000 | F6: =E6*C6 -> 2603.0129 | G6: =E6-0.5*F6 -> 98698.494 | H6: =G6+H7 -> 7063362.5 | I6: =H6/E6 -> 70.633625 | K6: qx | L6: 2mx/(2+mx); en 109 y+ se impone qx=1
A7: 1 | B7: =Fuente_mx!C8 -> 0.00188616 | C7: =2*B7/(2+B7) -> 0.0018843829 | D7: =1-C7 -> 0.99811562 | E7: =E6-F6 -> 97396.987 | F7: =E7*C7 -> 183.53321 | G7: =E7-0.5*F7 -> 97305.221 | H7: =G7+H8 -> 6964664 | I7: =H7/E7 -> 71.508003 | K7: px | L7: 1-qx
A8: 2 | B8: =Fuente_mx!C9 -> 0.00096917 | C8: =2*B8/(2+B8) -> 0.00096870058 | D8: =1-C8 -> 0.9990313 | E8: =E7-F7 -> 97213.454 | F8: =E8*C8 -> 94.170729 | G8: =E8-0.5*F8 -> 97166.369 | H8: =G8+H9 -> 6867358.8 | I8: =H8/E8 -> 70.642062 | K8: lx | L8: l0=100,000; l(x+1)=lx-dx
A9: 3 | B9: =Fuente_mx!C10 -> 0.00067282 | C9: =2*B9/(2+B9) -> 0.00067259373 | D9: =1-C9 -> 0.99932741 | E9: =E8-F8 -> 97119.283 | F9: =E9*C9 -> 65.321821 | G9: =E9-0.5*F9 -> 97086.622 | H9: =G9+H10 -> 6770192.4 | I9: =H9/E9 -> 69.710074 | K9: dx | L9: lx·qx
A10: 4 | B10: =Fuente_mx!C11 -> 0.00053941 | C10: =2*B10/(2+B10) -> 0.00053926456 | D10: =1-C10 -> 0.99946074 | E10: =E9-F9 -> 97053.961 | F10: =E10*C10 -> 52.337762 | G10: =E10-0.5*F10 -> 97027.792 | H10: =G10+H11 -> 6673105.8 | I10: =H10/E10 -> 68.756656 | K10: Lx | L10: lx-0.5dx; en 109 y+ equivale a lx/2
A11: 5 | B11: =Fuente_mx!C12 -> 0.00047145 | C11: =2*B11/(2+B11) -> 0.00047133889 | D11: =1-C11 -> 0.99952866 | E11: =E10-F10 -> 97001.624 | F11: =E11*C11 -> 45.720638 | G11: =E11-0.5*F11 -> 96978.763 | H11: =G11+H12 -> 6576078 | I11: =H11/E11 -> 67.793484 | K11: Tx | L11: suma de L desde x hasta 109 y+
A12: 6 | B12: =Fuente_mx!C13 -> 0.00043629 | C12: =2*B12/(2+B12) -> 0.00043619485 | D12: =1-C12 -> 0.99956381 | E12: =E11-F11 -> 96955.903 | F12: =E12*C12 -> 42.291665 | G12: =E12-0.5*F12 -> 96934.757 | H12: =G12+H13 -> 6479099.3 | I12: =H12/E12 -> 66.825217 | K12: ex | L12: Tx/lx
A13: 7 | B13: =Fuente_mx!C14 -> 0.00042028 | C13: =2*B13/(2+B13) -> 0.0004201917 | D13: =1-C13 -> 0.99957981 | E13: =E12-F12 -> 96913.611 | F13: =E13*C13 -> 40.722295 | G13: =E13-0.5*F13 -> 96893.25 | H13: =G13+H14 -> 6382164.5 | I13: =H13/E13 -> 65.85416
A14: 8 | B14: =Fuente_mx!C15 -> 0.00041746 | C14: =2*B14/(2+B14) -> 0.00041737288 | D14: =1-C14 -> 0.99958263 | E14: =E13-F13 -> 96872.889 | F14: =E14*C14 -> 40.432117 | G14: =E14-0.5*F14 -> 96852.673 | H14: =G14+H15 -> 6285271.2 | I14: =H14/E14 -> 64.881633
A15: 9 | B15: =Fuente_mx!C16 -> 0.00042593 | C15: =2*B15/(2+B15) -> 0.00042583931 | D15: =1-C15 -> 0.99957416 | E15: =E14-F14 -> 96832.457 | F15: =E15*C15 -> 41.235067 | G15: =E15-0.5*F15 -> 96811.839 | H15: =G15+H16 -> 6188418.6 | I15: =H15/E15 -> 63.908516
A16: 10 | B16: =Fuente_mx!C17 -> 0.00044654 | C16: =2*B16/(2+B16) -> 0.00044644032 | D16: =1-C16 -> 0.99955356 | E16: =E15-F15 -> 96791.222 | F16: =E16*C16 -> 43.211504 | G16: =E16-0.5*F16 -> 96769.616 | H16: =G16+H17 -> 6091606.7 | I16: =H16/E16 -> 62.935529
A17: 11 | B17: =Fuente_mx!C18 -> 0.00048185 | C17: =2*B17/(2+B17) -> 0.00048173394 | D17: =1-C17 -> 0.99951827 | E17: =E16-F16 -> 96748.01 | F17: =E17*C17 -> 46.6068 | G17: =E17-0.5*F17 -> 96724.707 | H17: =G17+H18 -> 5994837.1 | I17: =H17/E17 -> 61.963415
A18: 12 | B18: =Fuente_mx!C19 -> 0.00053507 | C18: =2*B18/(2+B18) -> 0.00053492689 | D18: =1-C18 -> 0.99946507 | E18: =E17-F17 -> 96701.404 | F18: =E18*C18 -> 51.728181 | G18: =E18-0.5*F18 -> 96675.539 | H18: =G18+H19 -> 5898112.4 | I18: =H18/E18 -> 60.993038
A19: 13 | B19: =Fuente_mx!C20 -> 0.00060902 | C19: =2*B19/(2+B19) -> 0.0006088346 | D19: =1-C19 -> 0.99939117 | E19: =E18-F18 -> 96649.675 | F19: =E19*C19 -> 58.843667 | G19: =E19-0.5*F19 -> 96620.253 | H19: =G19+H20 -> 5801436.9 | I19: =H19/E19 -> 60.025415
A20: 14 | B20: =Fuente_mx!C21 -> 0.00070509 | C20: =2*B20/(2+B20) -> 0.00070484151 | D20: =1-C20 -> 0.99929516 | E20: =E19-F19 -> 96590.832 | F20: =E20*C20 -> 68.081228 | G20: =E20-0.5*F20 -> 96556.791 | H20: =G20+H21 -> 5704816.6 | I20: =H20/E20 -> 59.061678
A21: 15 | B21: =Fuente_mx!C22 -> 0.00082284 | C21: =2*B21/(2+B21) -> 0.00082250161 | D21: =1-C21 -> 0.9991775 | E21: =E20-F20 -> 96522.75 | F21: =E21*C21 -> 79.390117 | G21: =E21-0.5*F21 -> 96483.055 | H21: =G21+H22 -> 5608259.8 | I21: =H21/E21 -> 58.102984
A22: 16 | B22: =Fuente_mx!C23 -> 0.00095989 | C22: =2*B22/(2+B22) -> 0.00095942953 | D22: =1-C22 -> 0.99904057 | E22: =E21-F21 -> 96443.36 | F22: =E22*C22 -> 92.530608 | G22: =E22-0.5*F22 -> 96397.095 | H22: =G22+H23 -> 5511776.8 | I22: =H22/E22 -> 57.150402
A23: 17 | B23: =Fuente_mx!C24 -> 0.00111228 | C23: =2*B23/(2+B23) -> 0.0011116618 | D23: =1-C23 -> 0.99888834 | E23: =E22-F22 -> 96350.83 | F23: =E23*C23 -> 107.10953 | G23: =E23-0.5*F23 -> 96297.275 | H23: =G23+H24 -> 5415379.7 | I23: =H23/E23 -> 56.204806
A24: 18 | B24: =Fuente_mx!C25 -> 0.00127502 | C24: =2*B24/(2+B24) -> 0.0012742077 | D24: =1-C24 -> 0.99872579 | E24: =E23-F23 -> 96243.72 | F24: =E24*C24 -> 122.63449 | G24: =E24-0.5*F24 -> 96182.403 | H24: =G24+H25 -> 5319082.4 | I24: =H24/E24 -> 55.2668
... A114: 108 | B114: =Fuente_mx!C115 -> 0.80662834 | C114: =2*B114/(2+B114) -> 0.57480239 | D114: =1-C114 -> 0.42519761 | E114: =E113-F113 -> 20.844263 | F114: =E114*C114 -> 11.981332 | G114: =E114-0.5*F114 -> 14.853597 | H114: =G114+H115 -> 19.285063 | I114: =H114/E114 -> 0.92519761
A115: 109 y+ | B115: =Fuente_mx!C116 -> 0.8976119 | C115: =1 -> 1 | D115: =1-C115 -> 0 | E115: =E114-F114 -> 8.862931 | F115: =E115*C115 -> 8.862931 | G115: =E115-0.5*F115 -> 4.4314655 | H115: =G115 -> 4.4314655 | I115: =H115/E115 -> 0.5

Sheet Controles
A1: Controles actuariales y numéricos
A2: Todos los controles se calculan con valores sin redondear.
A4: Control | B4: Resultado | C4: Evidencia | D4: Tolerancia | E4: Fórmula dinámica
A5: Probabilidades dentro de [0,1] | B5: =IF(AND(MIN(Tabla_Mortalidad!C6:C115)>=0,MAX(Tabla_Mortalidad!C6:C115)<=1),"CUMPLE","REVISAR") -> CUMPLE | C5: mín=0.000417372882; máx=1.000000000000 | D5: 0 violaciones | E5: =IF(AND(MIN(Tabla_Mortalidad!C6:C115)>=0,MAX(Tabla_Mortalidad!C6:C115)<=1),"CUMPLE","REVISAR") -> 0
A6: lx no negativa y no creciente | B6: =IF(AND(MIN(Tabla_Mortalidad!E6:E115)>=0,SUMPRODUCT(--(Tabla_Mortalidad!E7:E115>Tabla_Mortalidad!E6:E114))=0),"CUMPLE","REVISAR") -> CUMPLE | C6: mín=8.862930973; aumentos=0 | D6: 0 aumentos | E6: =IF(AND(MIN(Tabla_Mortalidad!E6:E115)>=0,SUMPRODUCT(--(Tabla_Mortalidad!E7:E115>Tabla_Mortalidad!E6:E114))=0),"CUMPLE","REVISAR") -> 0
A7: dx no negativa | B7: =IF(MIN(Tabla_Mortalidad!F6:F115)>=0,"CUMPLE","REVISAR") -> CUMPLE | C7: mín=8.862930973293 | D7: mínimo ≥ 0 | E7: =IF(MIN(Tabla_Mortalidad!F6:F115)>=0,"CUMPLE","REVISAR") -> 0
A8: Recurrencia l(x+1)=lx-dx | B8: =IF(SUMPRODUCT(ABS(Tabla_Mortalidad!E6:E114-Tabla_Mortalidad!F6:F114-Tabla_Mortalidad!E7:E115))<=1E-8,"CUMPLE","REVISAR") -> CUMPLE | C8: error máximo=1.455e-11 | D8: ≤ 1e-8 | E8: =IF(SUMPRODUCT(ABS(Tabla_Mortalidad!E6:E114-Tabla_Mortalidad!F6:F114-Tabla_Mortalidad!E7:E115))<=1E-8,"CUMPLE","REVISAR") -> 0
A9: Suma de defunciones igual al radix | B9: =IF(ABS(SUM(Tabla_Mortalidad!F6:F115)-100000)<=1E-8,"CUMPLE","REVISAR") -> CUMPLE | C9: Σdx=100000.0000000000; diferencia=0.000e+00 | D9: ≤ 1e-8 | E9: =IF(ABS(SUM(Tabla_Mortalidad!F6:F115)-100000)<=1E-8,"CUMPLE","REVISAR") -> 0
A10: Extinción después de 109 y+ | B10: =IF(ABS(Tabla_Mortalidad!E115-Tabla_Mortalidad!F115)<=1E-10,"CUMPLE","REVISAR") -> CUMPLE | C10: l109-d109=0.000e+00 | D10: ≤ 1e-10 | E10: =IF(ABS(Tabla_Mortalidad!E115-Tabla_Mortalidad!F115)<=1E-10,"CUMPLE","REVISAR") -> 0
A11: l(x+1) ≤ Lx ≤ lx | B11: =IF(AND(SUMPRODUCT(--(Tabla_Mortalidad!G6:G115>Tabla_Mortalidad!E6:E115))=0,SUMPRODUCT(--(Tabla_Mortalidad!G6:G114<Tabla_Mortalidad!E7:E115))=0),"CUMPLE","REVISAR") -> CUMPLE | C11: violaciones superiores=0; inferiores=0 | D11: 0 violaciones | E11: =IF(AND(SUMPRODUCT(--(Tabla_Mortalidad!G6:G115>Tabla_Mortalidad!E6:E115))=0,SUMPRODUCT(--(Tabla_Mortalidad!G6:G114<Tabla_Mortalidad!E7:E115))=0),"CUMPLE","REVISAR") -> 0
A12: Recurrencia Tx=Lx+T(x+1) | B12: =IF(SUMPRODUCT(ABS(Tabla_Mortalidad!H6:H114-Tabla_Mortalidad!G6:G114-Tabla_Mortalidad!H7:H115))<=1E-8,"CUMPLE","REVISAR") -> CUMPLE | C12: error máximo=2.328e-10 | D12: ≤ 1e-8 | E12: =IF(SUMPRODUCT(ABS(Tabla_Mortalidad!H6:H114-Tabla_Mortalidad!G6:G114-Tabla_Mortalidad!H7:H115))<=1E-8,"CUMPLE","REVISAR") -> 0
A13: T(109+)=L(109+) | B13: =IF(ABS(Tabla_Mortalidad!H115-Tabla_Mortalidad!G115)<=1E-12,"CUMPLE","REVISAR") -> CUMPLE | C13: diferencia=0.000e+00 | D13: ≤ 1e-12 | E13: =IF(ABS(Tabla_Mortalidad!H115-Tabla_Mortalidad!G115)<=1E-12,"CUMPLE","REVISAR") -> 0
A14: Identidad ex=Tx/lx | B14: =IF(SUMPRODUCT(ABS(Tabla_Mortalidad!I6:I115-Tabla_Mortalidad!H6:H115/Tabla_Mortalidad!E6:E115))<=1E-12,"CUMPLE","REVISAR") -> CUMPLE | C14: error máximo=0.000e+00 | D14: ≤ 1e-12 | E14: =IF(SUMPRODUCT(ABS(Tabla_Mortalidad!I6:I115-Tabla_Mortalidad!H6:H115/Tabla_Mortalidad!E6:E115))<=1E-12,"CUMPLE","REVISAR") -> 0
A15: Cierre q109+=1 y e109+=0.5 | B15: =IF(AND(Tabla_Mortalidad!C115=1,ABS(Tabla_Mortalidad!I115-0.5)<=1E-12),"CUMPLE","REVISAR") -> CUMPLE | C15: q=1.000000000000; e=0.500000000000 | D15: valores exactos | E15: =IF(AND(Tabla_Mortalidad!C115=1,ABS(Tabla_Mortalidad!I115-0.5)<=1E-12),"CUMPLE","REVISAR") -> 0
A16: 110 edades completas y sin nulos | B16: =IF(COUNT(Tabla_Mortalidad!B6:I115)=880,"CUMPLE","REVISAR") -> CUMPLE | C16: filas=110; nulos=0 | D16: 110 filas; 0 nulos | E16: =IF(COUNT(Tabla_Mortalidad!B6:I115)=880,"CUMPLE","REVISAR") -> 0
A19: Resultados clave
A20: e0 | B20: 70.633625
A21: Edad del mínimo de mx | B21: 8
A22: Mínimo mx | B22: 0.0004174600
A23: Edad del máximo de dx | B23: 0
A24: Máximo dx | B24: 2,603.012876
A25: Pico adulto de dx | B25: edad 81: 2,586.990946
A26: Σdx | B26: 100,000.0000000000

Sheet Graficas
A1: Gráficas de funciones biométricas — Serie 08
A2: Estudiante: Raúl Antonio Ruano Katz. Imágenes generadas con los valores sin redondear.
